<?xml version="1.0" encoding="UTF-8"?>
<project-private xmlns="http://www.netbeans.org/ns/project-private/1">
    <editor-bookmarks xmlns="http://www.netbeans.org/ns/editor-bookmarks/2" lastBookmarkId="0"/>
    <open-files xmlns="http://www.netbeans.org/ns/projectui-open-files/2">
        <group>
            <file>file:/C:/Users/hhyy/Documents/NetBeansProjects/Gestion_Ecole_3/src/java/connect/PostSingleton.java</file>
            <file>file:/C:/Users/hhyy/Documents/NetBeansProjects/Gestion_Ecole_3/src/java/functionBase/Selection.java</file>
            <file>file:/C:/Users/hhyy/Documents/NetBeansProjects/Gestion_Ecole_3/src/java/html/FonctionHtml.java</file>
            <file>file:/C:/Users/hhyy/Documents/NetBeansProjects/Gestion_Ecole_3/web/index.html</file>
            <file>file:/C:/Users/hhyy/Documents/NetBeansProjects/Gestion_Ecole_3/src/java/html/ListHTML.java</file>
            <file>file:/C:/Users/hhyy/Documents/NetBeansProjects/Gestion_Ecole_3/src/java/etudiant/Noteeleves.java</file>
            <file>file:/C:/Users/hhyy/Documents/NetBeansProjects/Gestion_Ecole_3/src/java/etudiant/Listeecolage.java</file>
            <file>file:/C:/Users/hhyy/Documents/NetBeansProjects/Gestion_Ecole_3/web/Index.jsp</file>
            <file>file:/C:/Users/hhyy/Documents/NetBeansProjects/Gestion_Ecole_3/src/java/html/Colonne.java</file>
            <file>file:/C:/Users/hhyy/Documents/NetBeansProjects/Gestion_Ecole_3/src/java/connect/ConnectingBase.java</file>
        </group>
    </open-files>
</project-private>
